Street Address,City,State,Postal Code
123 Main Street,Springfield,IL,62701
456 Oak Ave,Chicago,IL,60601
321 Pine Rd,Rockford,IL,61101
555 Maple Dr,Aurora,IL,60505
100 Cedar Blvd,Naperville,IL,60540
200 Birch Lane,Joliet,IL,60431
300 Walnut Ct,Waukegan,IL,60085
400 Ash St,Elgin,IL,60120
501 Willow Avenue,Springfield,IL,62702
602 Cherry Boulevard,Decatur,IL,62521
703 Sycamore Drive,Champaign,IL,61820
804 Hickory Road,Bloomington,IL,61702
905 Magnolia Street,Evanston,IL,60201
1006 Dogwood Avenue,Schaumburg,IL,60173
1107 Chestnut Boulevard,Orland Park,IL,60462
1208 Spruce Court,Tinley Park,IL,60477
1309 Hawthorn Drive,Bolingbrook,IL,60440
1410 Redwood Lane,Downers Grove,IL,60516
1511 Sequoia Avenue,Oak Park,IL,60301
1612 Aspen Road,Berwyn,IL,60402
1900 New Street,Peoria,IL,61602
2000 Broadway,Chicago,IL,60602
2100 State St,Chicago,IL,60603
2200 Michigan Ave,Chicago,IL,60604
2300 Wacker Dr,Chicago,IL,60606
2400 Lake Shore Dr,Chicago,IL,60611
2500 Clark St,Chicago,IL,60614
2600 Halsted St,Chicago,IL,60608
2700 Western Ave,Chicago,IL,60647
2800 Ashland Ave,Chicago,IL,60657
