Address,City,State,ZIP
123 Main St,Springfield,IL,62701
456 Oak Avenue,Chicago,IL,60601
789 Elm Street,Peoria,IL,61602
321 Pine Road,Rockford,IL,61101
555 Maple Drive,Aurora,IL,60505
100 Cedar Boulevard,Naperville,IL,60540
200 Birch Lane,Joliet,IL,60431
300 Walnut Court,Waukegan,IL,60085
400 Ash Street,Elgin,IL,60120
501 Willow Ave,Springfield,IL,62702
602 Cherry Blvd,Decatur,IL,62521
703 Sycamore Dr,Champaign,IL,61820
804 Hickory Rd,Bloomington,IL,61701
905 Magnolia St,Evanston,IL,60201
1006 Dogwood Ave,Schaumburg,IL,60173
1107 Chestnut Blvd,Orland Park,IL,60462
1208 Spruce Ct,Tinley Park,IL,60477
1309 Hawthorn Dr,Bolingbrook,IL,60440
1410 Redwood Ln,Downers Grove,IL,60515
1511 Sequoia Ave,Oak Park,IL,60301
1612 Aspen Rd,Berwyn,IL,60402
1713 Poplar St,Cicero,IL,60804
1814 Cottonwood Blvd,Palatine,IL,60067
1915 Juniper Dr,Arlington Heights,IL,60004
2016 Fir Ave,Glenview,IL,60025
2117 Cypress Ct,Northbrook,IL,60062
2218 Alder Ln,Buffalo Grove,IL,60089
2319 Larch Rd,Des Plaines,IL,60016
2420 Hemlock St,Mount Prospect,IL,60056
2521 Tamarack Ave,Skokie,IL,60076
